{
  "properties": {
    "connectionReferences": {
      "shared_commondataserviceforapps": {
        "runtimeSource": "embedded",
        "connection": {
          "connectionReferenceLogicalName": "new_sharedcommondataserviceforapps_3e679"
        },
        "api": {
          "name": "shared_commondataserviceforapps"
        }
      }
    },
    "definition": {
      "$schema": "https://schema.management.azure.com/providers/Microsoft.Logic/schemas/2016-06-01/workflowdefinition.json#",
      "contentVersion": "1.0.0.0",
      "parameters": {
        "$connections": {
          "defaultValue": {},
          "type": "Object"
        },
        "$authentication": {
          "defaultValue": {},
          "type": "SecureObject"
        }
      },
      "triggers": {
        "manual": {
          "metadata": {
            "operationMetadataId": "0ec5f339-879b-4904-8c9d-f45a07403147"
          },
          "type": "Request",
          "kind": "Button",
          "inputs": {
            "schema": {
              "type": "object",
              "properties": {
                "text": {
                  "title": "src library name",
                  "type": "string",
                  "x-ms-dynamically-added": true,
                  "description": "Enter the name of the library to which you want to copy from the factor mappings",
                  "x-ms-content-hint": "TEXT"
                },
                "text_1": {
                  "title": "dst library name",
                  "type": "string",
                  "x-ms-dynamically-added": true,
                  "description": "Enter the name of the library from which you want to copy the factor mappings to",
                  "x-ms-content-hint": "TEXT"
                }
              },
              "required": [
                "text",
                "text_1"
              ]
            }
          }
        }
      },
      "actions": {
        "Get_new_library": {
          "runAfter": {},
          "metadata": {
            "operationMetadataId": "f848cfee-532b-40a6-8b19-1bdc099c2a38"
          },
          "type": "OpenApiConnection",
          "inputs": {
            "host": {
              "connectionName": "shared_commondataserviceforapps",
              "operationId": "ListRecords",
              "apiId": "/providers/Microsoft.PowerApps/apis/shared_commondataserviceforapps"
            },
            "parameters": {
              "entityName": "msdyn_calculationlibraries",
              "$filter": "msdyn_name eq '@{triggerBody()['text_1']}'"
            },
            "authentication": {
              "type": "Raw",
              "value": "@json(decodeBase64(triggerOutputs().headers['X-MS-APIM-Tokens']))['$ConnectionKey']"
            }
          }
        },
        "Check_existence_and_uniqueness_of_the_new_library": {
          "actions": {
            "Get_old_library": {
              "runAfter": {},
              "metadata": {
                "operationMetadataId": "b516dc9b-fb57-47dd-ae17-503ff00bf363"
              },
              "type": "OpenApiConnection",
              "inputs": {
                "host": {
                  "connectionName": "shared_commondataserviceforapps",
                  "operationId": "ListRecords",
                  "apiId": "/providers/Microsoft.PowerApps/apis/shared_commondataserviceforapps"
                },
                "parameters": {
                  "entityName": "msdyn_calculationlibraries",
                  "$filter": "msdyn_name eq '@{triggerBody()['text']}'"
                },
                "authentication": {
                  "type": "Raw",
                  "value": "@json(decodeBase64(triggerOutputs().headers['X-MS-APIM-Tokens']))['$ConnectionKey']"
                }
              }
            },
            "Condition": {
              "actions": {
                "Process_source_library": {
                  "foreach": "@outputs('Get_old_library')?['body/value']",
                  "actions": {
                    "Get_source_mappings": {
                      "runAfter": {},
                      "metadata": {
                        "operationMetadataId": "17e14f5a-94ff-4099-bc7d-dc624ccc5c14"
                      },
                      "type": "OpenApiConnection",
                      "inputs": {
                        "host": {
                          "connectionName": "shared_commondataserviceforapps",
                          "operationId": "ListRecords",
                          "apiId": "/providers/Microsoft.PowerApps/apis/shared_commondataserviceforapps"
                        },
                        "parameters": {
                          "entityName": "msdyn_emissionlookups",
                          "$filter": "_msdyn_calculationlibraryid_value eq '@{items('Process_source_library')?['msdyn_calculationlibraryid']}'"
                        },
                        "authentication": {
                          "type": "Raw",
                          "value": "@json(decodeBase64(triggerOutputs().headers['X-MS-APIM-Tokens']))['$ConnectionKey']"
                        }
                      }
                    },
                    "For_each_source_mapping": {
                      "foreach": "@outputs('Get_source_mappings')?['body/value']",
                      "actions": {
                        "For_each_destination_library": {
                          "foreach": "@outputs('Get_new_library')?['body/value']",
                          "actions": {
                            "Get_source_factor": {
                              "runAfter": {},
                              "metadata": {
                                "operationMetadataId": "8d53227f-13ab-4254-8783-277bc34e41e3"
                              },
                              "type": "OpenApiConnection",
                              "inputs": {
                                "host": {
                                  "connectionName": "shared_commondataserviceforapps",
                                  "operationId": "GetItem",
                                  "apiId": "/providers/Microsoft.PowerApps/apis/shared_commondataserviceforapps"
                                },
                                "parameters": {
                                  "entityName": "msdyn_emissionfactors",
                                  "recordId": "@items('For_each_source_mapping')?['_msdyn_factorid_value']"
                                },
                                "authentication": {
                                  "type": "Raw",
                                  "value": "@json(decodeBase64(triggerOutputs().headers['X-MS-APIM-Tokens']))['$ConnectionKey']"
                                }
                              }
                            },
                            "Get_matching_destination_factor": {
                              "runAfter": {
                                "Get_source_factor": [
                                  "Succeeded"
                                ]
                              },
                              "metadata": {
                                "operationMetadataId": "2f850cc7-d512-4a99-8e85-1033e7726ddb"
                              },
                              "type": "OpenApiConnection",
                              "inputs": {
                                "host": {
                                  "connectionName": "shared_commondataserviceforapps",
                                  "operationId": "ListRecords",
                                  "apiId": "/providers/Microsoft.PowerApps/apis/shared_commondataserviceforapps"
                                },
                                "parameters": {
                                  "entityName": "msdyn_emissionfactors",
                                  "$filter": "_msdyn_calculationlibraryid_value eq '@{items('For_each_destination_library')?['msdyn_calculationlibraryid']}' and msdyn_name eq '@{outputs('Get_source_factor')?['body/msdyn_name']}'"
                                },
                                "authentication": {
                                  "type": "Raw",
                                  "value": "@json(decodeBase64(triggerOutputs().headers['X-MS-APIM-Tokens']))['$ConnectionKey']"
                                }
                              }
                            },
                            "For_each_matching_destination_factors": {
                              "foreach": "@outputs('Get_matching_destination_factor')?['body/value']",
                              "actions": {
                                "Add_a_new_row": {
                                  "runAfter": {},
                                  "metadata": {
                                    "operationMetadataId": "fca51427-22b3-4031-b367-c4965d75d54b"
                                  },
                                  "type": "OpenApiConnection",
                                  "inputs": {
                                    "host": {
                                      "connectionName": "shared_commondataserviceforapps",
                                      "operationId": "CreateRecord",
                                      "apiId": "/providers/Microsoft.PowerApps/apis/shared_commondataserviceforapps"
                                    },
                                    "parameters": {
                                      "entityName": "msdyn_emissionlookups",
                                      "item/msdyn_calculationlibraryid@odata.bind": "/msdyn_calculationlibraries(@{items('For_each_destination_library')?['msdyn_calculationlibraryid']})",
                                      "item/msdyn_name": "@items('For_each_source_mapping')?['msdyn_name']",
                                      "item/msdyn_factorid_emissionfactor@odata.bind": "/msdyn_emissionfactors(@{items('For_each_matching_destination_factors')?['msdyn_emissionfactorid']})",
                                      "item/msdyn_referencedataid_msdyn_sustainabilityproductidentifier_msdyn_sustainabilityproductidentifier@odata.bind": "@if(equals(items('For_each_source_mapping')?['_msdyn_referencedata2id_value@Microsoft.Dynamics.CRM.lookuplogicalname'], 'msdyn_sustainabilityproductidentifier'), concat('msdyn_sustainabilityproductidentifiers(', items('For_each_source_mapping')?['_msdyn_referencedataid_value'], ')'), null)",
                                      "item/msdyn_referencedataid_msdyn_accommodationtype_msdyn_accommodationtype@odata.bind": "@if(equals(items('For_each_source_mapping')?['_msdyn_referencedataid_value@Microsoft.Dynamics.CRM.lookuplogicalname'], 'msdyn_accommodationtype'), concat('msdyn_accommodationtypes(', items('For_each_source_mapping')?['_msdyn_referencedataid_value'], ')'), null)",
                                      "item/msdyn_referencedataid_Account_account@odata.bind": "@if(equals(items('For_each_source_mapping')?['_msdyn_referencedataid_value@Microsoft.Dynamics.CRM.lookuplogicalname'], 'msdyn_account'), concat('msdyn_accounts(', items('For_each_source_mapping')?['_msdyn_referencedataid_value'], ')'), null)",
                                      "item/msdyn_referencedataid_msdyn_businesstraveltype_msdyn_businesstraveltype@odata.bind": "@if(equals(items('For_each_source_mapping')?['_msdyn_referencedataid_value@Microsoft.Dynamics.CRM.lookuplogicalname'], 'msdyn_businesstraveltype'), concat('msdyn_businesstraveltypes(', items('For_each_source_mapping')?['_msdyn_referencedataid_value'], ')'), null)",
                                      "item/msdyn_referencedataid_msdyn_contractualinstrumenttype_msdyn_contractualinstrumenttype@odata.bind": "@if(equals(items('For_each_source_mapping')?['_msdyn_referencedataid_value@Microsoft.Dynamics.CRM.lookuplogicalname'], 'msdyn_contractualinstrumenttype'), concat('msdyn_contractualinstrumenttypes(', items('For_each_source_mapping')?['_msdyn_referencedataid_value'], ')'), null)",
                                      "item/msdyn_referencedataid_msdyn_disposalmethod_msdyn_disposalmethod@odata.bind": "@if(equals(items('For_each_source_mapping')?['_msdyn_referencedataid_value@Microsoft.Dynamics.CRM.lookuplogicalname'], 'msdyn_disposalmethod'), concat('msdyn_disposalmethods(', items('For_each_source_mapping')?['_msdyn_referencedataid_value'], ')'), null)",
                                      "item/msdyn_referencedataid_msdyn_employeecommutingtype_msdyn_employeecommutingtype@odata.bind": "@if(equals(items('For_each_source_mapping')?['_msdyn_referencedataid_value@Microsoft.Dynamics.CRM.lookuplogicalname'], 'msdyn_employeecommutingtype'), concat('msdyn_employeecommutingtypes(', items('For_each_source_mapping')?['_msdyn_referencedataid_value'], ')'), null)",
                                      "item/msdyn_referencedataid_msdyn_facility@odata.bind": "@if(equals(items('For_each_source_mapping')?['_msdyn_referencedataid_value@Microsoft.Dynamics.CRM.lookuplogicalname'], 'msdyn_facility'), concat('msdyn_facilities(', items('For_each_source_mapping')?['_msdyn_referencedataid_value'], ')'), null)",
                                      "item/msdyn_referencedataid_msdyn_facilitytype_msdyn_facilitytype@odata.bind": "@if(equals(items('For_each_source_mapping')?['_msdyn_referencedataid_value@Microsoft.Dynamics.CRM.lookuplogicalname'], 'msdyn_facilitytype'), concat('msdyn_facilitytypes(', items('For_each_source_mapping')?['_msdyn_referencedataid_value'], ')'), null)",
                                      "item/msdyn_referencedataid_msdyn_facilityannualdetail_msdyn_facilityannualdetail@odata.bind": "@if(equals(items('For_each_source_mapping')?['_msdyn_referencedataid_value@Microsoft.Dynamics.CRM.lookuplogicalname'], 'msdyn_facilityannualdetail'), concat('msdyn_facilityannualdetails(', items('For_each_source_mapping')?['_msdyn_referencedataid_value'], ')'), null)",
                                      "item/msdyn_referencedataid_msdyn_fueltype@odata.bind": "@if(equals(items('For_each_source_mapping')?['_msdyn_referencedataid_value@Microsoft.Dynamics.CRM.lookuplogicalname'], 'msdyn_fueltype'), concat('msdyn_fueltypes(', items('For_each_source_mapping')?['_msdyn_referencedataid_value'], ')'), null)",
                                      "item/msdyn_referencedataid_msdyn_industrialprocesstype@odata.bind": "@if(equals(items('For_each_source_mapping')?['_msdyn_referencedataid_value@Microsoft.Dynamics.CRM.lookuplogicalname'], 'msdyn_industrialprocesstype'), concat('msdyn_industrialprocesstypes(', items('For_each_source_mapping')?['_msdyn_referencedataid_value'], ')'), null)",
                                      "item/msdyn_referencedataid_msdyn_material_msdyn_material@odata.bind": "@if(equals(items('For_each_source_mapping')?['_msdyn_referencedataid_value@Microsoft.Dynamics.CRM.lookuplogicalname'], 'msdyn_material'), concat('msdyn_materials(', items('For_each_source_mapping')?['_msdyn_referencedataid_value'], ')'), null)",
                                      "item/msdyn_referencedataid_msdyn_organizationalunitrevenue_msdyn_organizationalunitrevenue@odata.bind": "@if(equals(items('For_each_source_mapping')?['_msdyn_referencedataid_value@Microsoft.Dynamics.CRM.lookuplogicalname'], 'msdyn_organizationalunitrevenue'), concat('msdyn_organizationalunitrevenues(', items('For_each_source_mapping')?['_msdyn_referencedataid_value'], ')'), null)",
                                      "item/msdyn_referencedataid_msdyn_sustainabilityorganizationalunit_msdyn_sustainabilityorganizationalunit@odata.bind": "@if(equals(items('For_each_source_mapping')?['_msdyn_referencedataid_value@Microsoft.Dynamics.CRM.lookuplogicalname'], 'msdyn_sustainabilityorganizationalunit'), concat('msdyn_sustainabilityorganizationalunits(', items('For_each_source_mapping')?['_msdyn_referencedataid_value'], ')'), null)",
                                      "item/msdyn_referencedataid_msdyn_sustainabilityproduct_msdyn_sustainabilityproduct@odata.bind": "@if(equals(items('For_each_source_mapping')?['_msdyn_referencedataid_value@Microsoft.Dynamics.CRM.lookuplogicalname'], 'msdyn_sustainabilityproduct'), concat('msdyn_sustainabilityproducts(', items('For_each_source_mapping')?['_msdyn_referencedataid_value'], ')'), null)",
                                      "item/msdyn_referencedataid_msdyn_spendtype_msdyn_spendtype@odata.bind": "@if(equals(items('For_each_source_mapping')?['_msdyn_referencedataid_value@Microsoft.Dynamics.CRM.lookuplogicalname'], 'msdyn_spendtype'), concat('msdyn_spendtypes(', items('For_each_source_mapping')?['_msdyn_referencedataid_value'], ')'), null)",
                                      "item/msdyn_referencedataid_msdyn_transportmode_msdyn_transportmode@odata.bind": "@if(equals(items('For_each_source_mapping')?['_msdyn_referencedataid_value@Microsoft.Dynamics.CRM.lookuplogicalname'], 'msdyn_transportmode'), concat('msdyn_transportmodes(', items('For_each_source_mapping')?['_msdyn_referencedataid_value'], ')'), null)",
                                      "item/msdyn_referencedataid_msdyn_valuechainpartner_msdyn_valuechainpartner@odata.bind": "@if(equals(items('For_each_source_mapping')?['_msdyn_referencedataid_value@Microsoft.Dynamics.CRM.lookuplogicalname'], 'msdyn_valuechainpartner'), concat('msdyn_valuechainpartners(', items('For_each_source_mapping')?['_msdyn_referencedataid_value'], ')'), null)",
                                      "item/msdyn_referencedataid_msdyn_vehicletype@odata.bind": "@if(equals(items('For_each_source_mapping')?['_msdyn_referencedataid_value@Microsoft.Dynamics.CRM.lookuplogicalname'], 'msdyn_vehicletype'), concat('msdyn_vehicletypes(', items('For_each_source_mapping')?['_msdyn_referencedataid_value'], ')'), null)",
                                      "item/msdyn_description": "@items('For_each_source_mapping')?['msdyn_description']",
                                      "item/msdyn_referencedata2id_msdyn_sustainabilityproductidentifier_msdyn_sustainabilityproductidentifier@odata.bind": "@if(equals(items('For_each_source_mapping')?['_msdyn_referencedata2id_value@Microsoft.Dynamics.CRM.lookuplogicalname'], 'msdyn_sustainabilityproductidentifier'), concat('msdyn_sustainabilityproductidentifiers(', items('For_each_source_mapping')?['_msdyn_referencedata2id_value'], ')'), null)",
                                      "item/msdyn_referencedata2id_msdyn_accommodationtype@odata.bind": "@if(equals(items('For_each_source_mapping')?['_msdyn_referencedata2id_value@Microsoft.Dynamics.CRM.lookuplogicalname'], 'msdyn_accommodationtype'), concat('msdyn_accommodationtypes(', items('For_each_source_mapping')?['_msdyn_referencedata2id_value'], ')'), null)",
                                      "item/msdyn_referencedata2id_Account_account@odata.bind": "@if(equals(items('For_each_source_mapping')?['_msdyn_referencedata2id_value@Microsoft.Dynamics.CRM.lookuplogicalname'], 'msdyn_account'), concat('msdyn_accounts(', items('For_each_source_mapping')?['_msdyn_referencedata2id_value'], ')'), null)",
                                      "item/msdyn_referencedata2id_msdyn_businesstraveltype@odata.bind": "@if(equals(items('For_each_source_mapping')?['_msdyn_referencedata2id_value@Microsoft.Dynamics.CRM.lookuplogicalname'], 'msdyn_businesstraveltype'), concat('msdyn_businesstraveltypes(', items('For_each_source_mapping')?['_msdyn_referencedata2id_value'], ')'), null)",
                                      "item/msdyn_referencedata2id_msdyn_contractualinstrumenttype@odata.bind": "@if(equals(items('For_each_source_mapping')?['_msdyn_referencedata2id_value@Microsoft.Dynamics.CRM.lookuplogicalname'], 'msdyn_contractualinstrumenttype'), concat('msdyn_contractualinstrumenttypes(', items('For_each_source_mapping')?['_msdyn_referencedata2id_value'], ')'), null)",
                                      "item/msdyn_referencedata2id_msdyn_disposalmethod@odata.bind": "@if(equals(items('For_each_source_mapping')?['_msdyn_referencedata2id_value@Microsoft.Dynamics.CRM.lookuplogicalname'], 'msdyn_disposalmethod'), concat('msdyn_disposalmethods(', items('For_each_source_mapping')?['_msdyn_referencedata2id_value'], ')'), null)",
                                      "item/msdyn_referencedata2id_msdyn_employeecommutingtype@odata.bind": "@if(equals(items('For_each_source_mapping')?['_msdyn_referencedata2id_value@Microsoft.Dynamics.CRM.lookuplogicalname'], 'msdyn_employeecommutingtype'), concat('msdyn_employeecommutingtypes(', items('For_each_source_mapping')?['_msdyn_referencedata2id_value'], ')'), null)",
                                      "item/msdyn_referencedata2id_msdyn_facility@odata.bind": "@if(equals(items('For_each_source_mapping')?['_msdyn_referencedata2id_value@Microsoft.Dynamics.CRM.lookuplogicalname'], 'msdyn_facility'), concat('msdyn_facilities(', items('For_each_source_mapping')?['_msdyn_referencedata2id_value'], ')'), null)",
                                      "item/msdyn_referencedata2id_msdyn_facilitytype_msdyn_facilitytype@odata.bind": "@if(equals(items('For_each_source_mapping')?['_msdyn_referencedata2id_value@Microsoft.Dynamics.CRM.lookuplogicalname'], 'msdyn_facilitytype'), concat('msdyn_facilitytypes(', items('For_each_source_mapping')?['_msdyn_referencedata2id_value'], ')'), null)",
                                      "item/msdyn_referencedata2id_msdyn_facilityannualdetail_msdyn_facilityannualdetail@odata.bind": "@if(equals(items('For_each_source_mapping')?['_msdyn_referencedata2id_value@Microsoft.Dynamics.CRM.lookuplogicalname'], 'msdyn_facilityannualdetail'), concat('msdyn_facilityannualdetails(', items('For_each_source_mapping')?['_msdyn_referencedata2id_value'], ')'), null)",
                                      "item/msdyn_referencedata2id_msdyn_fueltype@odata.bind": "@if(equals(items('For_each_source_mapping')?['_msdyn_referencedata2id_value@Microsoft.Dynamics.CRM.lookuplogicalname'], 'msdyn_fueltype'), concat('msdyn_fueltypes(', items('For_each_source_mapping')?['_msdyn_referencedata2id_value'], ')'), null)",
                                      "item/msdyn_referencedata2id_msdyn_industrialprocesstype@odata.bind": "@if(equals(items('For_each_source_mapping')?['_msdyn_referencedata2id_value@Microsoft.Dynamics.CRM.lookuplogicalname'], 'msdyn_industrialprocesstype'), concat('msdyn_industrialprocesstypes(', items('For_each_source_mapping')?['_msdyn_referencedata2id_value'], ')'), null)",
                                      "item/msdyn_referencedata2id_msdyn_material@odata.bind": "@if(equals(items('For_each_source_mapping')?['_msdyn_referencedata2id_value@Microsoft.Dynamics.CRM.lookuplogicalname'], 'msdyn_material'), concat('msdyn_materials(', items('For_each_source_mapping')?['_msdyn_referencedata2id_value'], ')'), null)",
                                      "item/msdyn_referencedata2id_msdyn_organizationalunitrevenue@odata.bind": "@if(equals(items('For_each_source_mapping')?['_msdyn_referencedata2id_value@Microsoft.Dynamics.CRM.lookuplogicalname'], 'msdyn_organizationalunitrevenue'), concat('msdyn_organizationalunitrevenues(', items('For_each_source_mapping')?['_msdyn_referencedata2id_value'], ')'), null)",
                                      "item/msdyn_referencedata2id_msdyn_sustainabilityorganizationalunit@odata.bind": "@if(equals(items('For_each_source_mapping')?['_msdyn_referencedata2id_value@Microsoft.Dynamics.CRM.lookuplogicalname'], 'msdyn_sustainabilityorganizationalunit'), concat('msdyn_sustainabilityorganizationalunits(', items('For_each_source_mapping')?['_msdyn_referencedata2id_value'], ')'), null)",
                                      "item/msdyn_referencedata2id_msdyn_sustainabilityproduct_msdyn_sustainabilityproduct@odata.bind": "@if(equals(items('For_each_source_mapping')?['_msdyn_referencedata2id_value@Microsoft.Dynamics.CRM.lookuplogicalname'], 'msdyn_sustainabilityproduct'), concat('msdyn_sustainabilityproducts(', items('For_each_source_mapping')?['_msdyn_referencedata2id_value'], ')'), null)",
                                      "item/msdyn_referencedata2id_msdyn_spendtype@odata.bind": "@if(equals(items('For_each_source_mapping')?['_msdyn_referencedata2id_value@Microsoft.Dynamics.CRM.lookuplogicalname'], 'msdyn_spendtype'), concat('msdyn_spendtypes(', items('For_each_source_mapping')?['_msdyn_referencedata2id_value'], ')'), null)",
                                      "item/msdyn_referencedata2id_msdyn_transportmode@odata.bind": "@if(equals(items('For_each_source_mapping')?['_msdyn_referencedata2id_value@Microsoft.Dynamics.CRM.lookuplogicalname'], 'msdyn_transportmode'), concat('msdyn_transportmodes(', items('For_each_source_mapping')?['_msdyn_referencedata2id_value'], ')'), null)",
                                      "item/msdyn_referencedata2id_msdyn_valuechainpartner@odata.bind": "@if(equals(items('For_each_source_mapping')?['_msdyn_referencedata2id_value@Microsoft.Dynamics.CRM.lookuplogicalname'], 'msdyn_valuechainpartner'), concat('msdyn_valuechainpartners(', items('For_each_source_mapping')?['_msdyn_referencedata2id_value'], ')'), null)",
                                      "item/msdyn_referencedata2id_msdyn_vehicletype@odata.bind": "@if(equals(items('For_each_source_mapping')?['_msdyn_referencedata2id_value@Microsoft.Dynamics.CRM.lookuplogicalname'], 'msdyn_vehicletype'), concat('msdyn_vehicletypes(', items('For_each_source_mapping')?['_msdyn_referencedata2id_value'], ')'), null)",
                                      "item/msdyn_referencedata3id_msdyn_sustainabilityproductidentifier_msdyn_sustainabilityproductidentifier@odata.bind": "@if(equals(items('For_each_source_mapping')?['_msdyn_referencedata3id_value@Microsoft.Dynamics.CRM.lookuplogicalname'], 'msdyn_sustainabilityproductidentifier'), concat('msdyn_sustainabilityproductidentifiers(', items('For_each_source_mapping')?['_msdyn_referencedata3id_value'], ')'), null)",
                                      "item/msdyn_referencedata3id_msdyn_accommodationtype@odata.bind": "@if(equals(items('For_each_source_mapping')?['_msdyn_referencedata3id_value@Microsoft.Dynamics.CRM.lookuplogicalname'], 'msdyn_accommodationtype'), concat('msdyn_accommodationtypes(', items('For_each_source_mapping')?['_msdyn_referencedata3id_value'], ')'), null)",
                                      "item/msdyn_referencedata3id_Account_account@odata.bind": "@if(equals(items('For_each_source_mapping')?['_msdyn_referencedata3id_value@Microsoft.Dynamics.CRM.lookuplogicalname'], 'msdyn_account'), concat('msdyn_accounts(', items('For_each_source_mapping')?['_msdyn_referencedata3id_value'], ')'), null)",
                                      "item/msdyn_referencedata3id_msdyn_businesstraveltype@odata.bind": "@if(equals(items('For_each_source_mapping')?['_msdyn_referencedata3id_value@Microsoft.Dynamics.CRM.lookuplogicalname'], 'msdyn_businesstraveltype'), concat('msdyn_businesstraveltypes(', items('For_each_source_mapping')?['_msdyn_referencedata3id_value'], ')'), null)",
                                      "item/msdyn_referencedata3id_msdyn_contractualinstrumenttype@odata.bind": "@if(equals(items('For_each_source_mapping')?['_msdyn_referencedata3id_value@Microsoft.Dynamics.CRM.lookuplogicalname'], 'msdyn_contractualinstrumenttype'), concat('msdyn_contractualinstrumenttypes(', items('For_each_source_mapping')?['_msdyn_referencedata3id_value'], ')'), null)",
                                      "item/msdyn_referencedata3id_msdyn_disposalmethod@odata.bind": "@if(equals(items('For_each_source_mapping')?['_msdyn_referencedata3id_value@Microsoft.Dynamics.CRM.lookuplogicalname'], 'msdyn_disposalmethod'), concat('msdyn_disposalmethods(', items('For_each_source_mapping')?['_msdyn_referencedata3id_value'], ')'), null)",
                                      "item/msdyn_referencedata3id_msdyn_employeecommutingtype@odata.bind": "@if(equals(items('For_each_source_mapping')?['_msdyn_referencedata3id_value@Microsoft.Dynamics.CRM.lookuplogicalname'], 'msdyn_employeecommutingtype'), concat('msdyn_employeecommutingtypes(', items('For_each_source_mapping')?['_msdyn_referencedata3id_value'], ')'), null)",
                                      "item/msdyn_referencedata3id_msdyn_facility@odata.bind": "@if(equals(items('For_each_source_mapping')?['_msdyn_referencedata3id_value@Microsoft.Dynamics.CRM.lookuplogicalname'], 'msdyn_facility'), concat('msdyn_facilities(', items('For_each_source_mapping')?['_msdyn_referencedata3id_value'], ')'), null)",
                                      "item/msdyn_referencedata3id_msdyn_facilitytype_msdyn_facilitytype@odata.bind": "@if(equals(items('For_each_source_mapping')?['_msdyn_referencedata3id_value@Microsoft.Dynamics.CRM.lookuplogicalname'], 'msdyn_facilitytype'), concat('msdyn_facilitytypes(', items('For_each_source_mapping')?['_msdyn_referencedata3id_value'], ')'), null)",
                                      "item/msdyn_referencedata3id_msdyn_facilityannualdetail_msdyn_facilityannualdetail@odata.bind": "@if(equals(items('For_each_source_mapping')?['_msdyn_referencedata3id_value@Microsoft.Dynamics.CRM.lookuplogicalname'], 'msdyn_facilityannualdetail'), concat('msdyn_facilityannualdetails(', items('For_each_source_mapping')?['_msdyn_referencedata3id_value'], ')'), null)",
                                      "item/msdyn_referencedata3id_msdyn_fueltype@odata.bind": "@if(equals(items('For_each_source_mapping')?['_msdyn_referencedata3id_value@Microsoft.Dynamics.CRM.lookuplogicalname'], 'msdyn_fueltype'), concat('msdyn_fueltypes(', items('For_each_source_mapping')?['_msdyn_referencedata3id_value'], ')'), null)",
                                      "item/msdyn_referencedata3id_msdyn_industrialprocesstype@odata.bind": "@if(equals(items('For_each_source_mapping')?['_msdyn_referencedata3id_value@Microsoft.Dynamics.CRM.lookuplogicalname'], 'msdyn_industrialprocesstype'), concat('msdyn_industrialprocesstypes(', items('For_each_source_mapping')?['_msdyn_referencedata3id_value'], ')'), null)",
                                      "item/msdyn_referencedata3id_msdyn_material@odata.bind": "@if(equals(items('For_each_source_mapping')?['_msdyn_referencedata3id_value@Microsoft.Dynamics.CRM.lookuplogicalname'], 'msdyn_material'), concat('msdyn_materials(', items('For_each_source_mapping')?['_msdyn_referencedata3id_value'], ')'), null)",
                                      "item/msdyn_referencedata3id_msdyn_organizationalunitrevenue@odata.bind": "@if(equals(items('For_each_source_mapping')?['_msdyn_referencedata3id_value@Microsoft.Dynamics.CRM.lookuplogicalname'], 'msdyn_organizationalunitrevenue'), concat('msdyn_organizationalunitrevenues(', items('For_each_source_mapping')?['_msdyn_referencedata3id_value'], ')'), null)",
                                      "item/msdyn_referencedata3id_msdyn_sustainabilityorganizationalunit@odata.bind": "@if(equals(items('For_each_source_mapping')?['_msdyn_referencedata3id_value@Microsoft.Dynamics.CRM.lookuplogicalname'], 'msdyn_sustainabilityorganizationalunit'), concat('msdyn_sustainabilityorganizationalunits(', items('For_each_source_mapping')?['_msdyn_referencedata3id_value'], ')'), null)",
                                      "item/msdyn_referencedata3id_msdyn_sustainabilityproduct_msdyn_sustainabilityproduct@odata.bind": "@if(equals(items('For_each_source_mapping')?['_msdyn_referencedata3id_value@Microsoft.Dynamics.CRM.lookuplogicalname'], 'msdyn_sustainabilityproduct'), concat('msdyn_sustainabilityproducts(', items('For_each_source_mapping')?['_msdyn_referencedata3id_value'], ')'), null)",
                                      "item/msdyn_referencedata3id_msdyn_spendtype@odata.bind": "@if(equals(items('For_each_source_mapping')?['_msdyn_referencedata3id_value@Microsoft.Dynamics.CRM.lookuplogicalname'], 'msdyn_spendtype'), concat('msdyn_spendtypes(', items('For_each_source_mapping')?['_msdyn_referencedata3id_value'], ')'), null)",
                                      "item/msdyn_referencedata3id_msdyn_transportmode@odata.bind": "@if(equals(items('For_each_source_mapping')?['_msdyn_referencedata3id_value@Microsoft.Dynamics.CRM.lookuplogicalname'], 'msdyn_transportmode'), concat('msdyn_transportmodes(', items('For_each_source_mapping')?['_msdyn_referencedata3id_value'], ')'), null)",
                                      "item/msdyn_referencedata3id_msdyn_valuechainpartner@odata.bind": "@if(equals(items('For_each_source_mapping')?['_msdyn_referencedata3id_value@Microsoft.Dynamics.CRM.lookuplogicalname'], 'msdyn_valuechainpartner'), concat('msdyn_valuechainpartners(', items('For_each_source_mapping')?['_msdyn_referencedata3id_value'], ')'), null)",
                                      "item/msdyn_referencedata3id_msdyn_vehicletype@odata.bind": "@if(equals(items('For_each_source_mapping')?['_msdyn_referencedata3id_value@Microsoft.Dynamics.CRM.lookuplogicalname'], 'msdyn_vehicletype'), concat('msdyn_vehicletypes(', items('For_each_source_mapping')?['_msdyn_referencedata3id_value'], ')'), null)",
                                      "item/msdyn_referencedata4id_msdyn_sustainabilityproductidentifier_msdyn_sustainabilityproductidentifier@odata.bind": "@if(equals(items('For_each_source_mapping')?['_msdyn_referencedata4id_value@Microsoft.Dynamics.CRM.lookuplogicalname'], 'msdyn_sustainabilityproductidentifier'), concat('msdyn_sustainabilityproductidentifiers(', items('For_each_source_mapping')?['_msdyn_referencedata4id_value'], ')'), null)",
                                      "item/msdyn_referencedata4id_msdyn_accommodationtype@odata.bind": "@if(equals(items('For_each_source_mapping')?['_msdyn_referencedata4id_value@Microsoft.Dynamics.CRM.lookuplogicalname'], 'msdyn_accommodationtype'), concat('msdyn_accommodationtypes(', items('For_each_source_mapping')?['_msdyn_referencedata4id_value'], ')'), null)",
                                      "item/msdyn_referencedata4id_Account_account@odata.bind": "@if(equals(items('For_each_source_mapping')?['_msdyn_referencedata4id_value@Microsoft.Dynamics.CRM.lookuplogicalname'], 'msdyn_account'), concat('msdyn_accounts(', items('For_each_source_mapping')?['_msdyn_referencedata4id_value'], ')'), null)",
                                      "item/msdyn_referencedata4id_msdyn_businesstraveltype@odata.bind": "@if(equals(items('For_each_source_mapping')?['_msdyn_referencedata4id_value@Microsoft.Dynamics.CRM.lookuplogicalname'], 'msdyn_businesstraveltype'), concat('msdyn_businesstraveltypes(', items('For_each_source_mapping')?['_msdyn_referencedata4id_value'], ')'), null)",
                                      "item/msdyn_referencedata4id_msdyn_contractualinstrumenttype@odata.bind": "@if(equals(items('For_each_source_mapping')?['_msdyn_referencedata4id_value@Microsoft.Dynamics.CRM.lookuplogicalname'], 'msdyn_contractualinstrumenttype'), concat('msdyn_contractualinstrumenttypes(', items('For_each_source_mapping')?['_msdyn_referencedata4id_value'], ')'), null)",
                                      "item/msdyn_referencedata4id_msdyn_disposalmethod@odata.bind": "@if(equals(items('For_each_source_mapping')?['_msdyn_referencedata4id_value@Microsoft.Dynamics.CRM.lookuplogicalname'], 'msdyn_disposalmethod'), concat('msdyn_disposalmethods(', items('For_each_source_mapping')?['_msdyn_referencedata4id_value'], ')'), null)",
                                      "item/msdyn_referencedata4id_msdyn_employeecommutingtype@odata.bind": "@if(equals(items('For_each_source_mapping')?['_msdyn_referencedata4id_value@Microsoft.Dynamics.CRM.lookuplogicalname'], 'msdyn_employeecommutingtype'), concat('msdyn_employeecommutingtypes(', items('For_each_source_mapping')?['_msdyn_referencedata4id_value'], ')'), null)",
                                      "item/msdyn_referencedata4id_msdyn_facility@odata.bind": "@if(equals(items('For_each_source_mapping')?['_msdyn_referencedata4id_value@Microsoft.Dynamics.CRM.lookuplogicalname'], 'msdyn_facility'), concat('msdyn_facilities(', items('For_each_source_mapping')?['_msdyn_referencedata4id_value'], ')'), null)",
                                      "item/msdyn_referencedata4id_msdyn_facilitytype_msdyn_facilitytype@odata.bind": "@if(equals(items('For_each_source_mapping')?['_msdyn_referencedata4id_value@Microsoft.Dynamics.CRM.lookuplogicalname'], 'msdyn_facilitytype'), concat('msdyn_facilitytypes(', items('For_each_source_mapping')?['_msdyn_referencedata4id_value'], ')'), null)",
                                      "item/msdyn_referencedata4id_msdyn_facilityannualdetail_msdyn_facilityannualdetail@odata.bind": "@if(equals(items('For_each_source_mapping')?['_msdyn_referencedata4id_value@Microsoft.Dynamics.CRM.lookuplogicalname'], 'msdyn_facilityannualdetail'), concat('msdyn_facilityannualdetails(', items('For_each_source_mapping')?['_msdyn_referencedata4id_value'], ')'), null)",
                                      "item/msdyn_referencedata4id_msdyn_fueltype@odata.bind": "@if(equals(items('For_each_source_mapping')?['_msdyn_referencedata4id_value@Microsoft.Dynamics.CRM.lookuplogicalname'], 'msdyn_fueltype'), concat('msdyn_fueltypes(', items('For_each_source_mapping')?['_msdyn_referencedata4id_value'], ')'), null)",
                                      "item/msdyn_referencedata4id_msdyn_industrialprocesstype@odata.bind": "@if(equals(items('For_each_source_mapping')?['_msdyn_referencedata4id_value@Microsoft.Dynamics.CRM.lookuplogicalname'], 'msdyn_industrialprocesstype'), concat('msdyn_industrialprocesstypes(', items('For_each_source_mapping')?['_msdyn_referencedata4id_value'], ')'), null)",
                                      "item/msdyn_referencedata4id_msdyn_material@odata.bind": "@if(equals(items('For_each_source_mapping')?['_msdyn_referencedata4id_value@Microsoft.Dynamics.CRM.lookuplogicalname'], 'msdyn_material'), concat('msdyn_materials(', items('For_each_source_mapping')?['_msdyn_referencedata4id_value'], ')'), null)",
                                      "item/msdyn_referencedata4id_msdyn_organizationalunitrevenue@odata.bind": "@if(equals(items('For_each_source_mapping')?['_msdyn_referencedata4id_value@Microsoft.Dynamics.CRM.lookuplogicalname'], 'msdyn_organizationalunitrevenue'), concat('msdyn_organizationalunitrevenues(', items('For_each_source_mapping')?['_msdyn_referencedata4id_value'], ')'), null)",
                                      "item/msdyn_referencedata4id_msdyn_sustainabilityorganizationalunit@odata.bind": "@if(equals(items('For_each_source_mapping')?['_msdyn_referencedata4id_value@Microsoft.Dynamics.CRM.lookuplogicalname'], 'msdyn_sustainabilityorganizationalunit'), concat('msdyn_sustainabilityorganizationalunits(', items('For_each_source_mapping')?['_msdyn_referencedata4id_value'], ')'), null)",
                                      "item/msdyn_referencedata4id_msdyn_sustainabilityproduct_msdyn_sustainabilityproduct@odata.bind": "@if(equals(items('For_each_source_mapping')?['_msdyn_referencedata4id_value@Microsoft.Dynamics.CRM.lookuplogicalname'], 'msdyn_sustainabilityproduct'), concat('msdyn_sustainabilityproducts(', items('For_each_source_mapping')?['_msdyn_referencedata4id_value'], ')'), null)",
                                      "item/msdyn_referencedata4id_msdyn_spendtype@odata.bind": "@if(equals(items('For_each_source_mapping')?['_msdyn_referencedata4id_value@Microsoft.Dynamics.CRM.lookuplogicalname'], 'msdyn_spendtype'), concat('msdyn_spendtypes(', items('For_each_source_mapping')?['_msdyn_referencedata4id_value'], ')'), null)",
                                      "item/msdyn_referencedata4id_msdyn_transportmode@odata.bind": "@if(equals(items('For_each_source_mapping')?['_msdyn_referencedata4id_value@Microsoft.Dynamics.CRM.lookuplogicalname'], 'msdyn_transportmode'), concat('msdyn_transportmodes(', items('For_each_source_mapping')?['_msdyn_referencedata4id_value'], ')'), null)",
                                      "item/msdyn_referencedata4id_msdyn_valuechainpartner@odata.bind": "@if(equals(items('For_each_source_mapping')?['_msdyn_referencedata4id_value@Microsoft.Dynamics.CRM.lookuplogicalname'], 'msdyn_valuechainpartner'), concat('msdyn_valuechainpartners(', items('For_each_source_mapping')?['_msdyn_referencedata4id_value'], ')'), null)",
                                      "item/msdyn_referencedata4id_msdyn_vehicletype@odata.bind": "@if(equals(items('For_each_source_mapping')?['_msdyn_referencedata4id_value@Microsoft.Dynamics.CRM.lookuplogicalname'], 'msdyn_vehicletype'), concat('msdyn_vehicletypes(', items('For_each_source_mapping')?['_msdyn_referencedata4id_value'], ')'), null)"
                                    },
                                    "authentication": {
                                      "type": "Raw",
                                      "value": "@json(decodeBase64(triggerOutputs().headers['X-MS-APIM-Tokens']))['$ConnectionKey']"
                                    }
                                  }
                                }
                              },
                              "runAfter": {
                                "Get_matching_destination_factor": [
                                  "Succeeded"
                                ]
                              },
                              "metadata": {
                                "operationMetadataId": "c6ebebfe-30bd-4239-b31f-e8c0101684ba"
                              },
                              "type": "Foreach"
                            }
                          },
                          "runAfter": {},
                          "metadata": {
                            "operationMetadataId": "6d821f9d-1264-45e6-a10d-03cc00a5b857"
                          },
                          "type": "Foreach"
                        }
                      },
                      "runAfter": {
                        "Get_source_mappings": [
                          "Succeeded"
                        ]
                      },
                      "metadata": {
                        "operationMetadataId": "c119011e-533c-42f3-9334-8d064362bf7c"
                      },
                      "type": "Foreach",
                      "runtimeConfiguration": {
                        "concurrency": {
                          "repetitions": 20
                        }
                      }
                    }
                  },
                  "runAfter": {},
                  "metadata": {
                    "operationMetadataId": "824ac89a-9781-4fb6-acaa-76e57357e3fc"
                  },
                  "type": "Foreach"
                }
              },
              "runAfter": {
                "Get_old_library": [
                  "Succeeded"
                ]
              },
              "else": {
                "actions": {
                  "Terminate_2": {
                    "runAfter": {},
                    "metadata": {
                      "operationMetadataId": "1272f9fa-5881-45f5-ab0c-eed12d9dc43c"
                    },
                    "type": "Terminate",
                    "inputs": {
                      "runStatus": "Failed",
                      "runError": {
                        "message": "Cannot find a unique library with name '@{triggerBody()['src_library_name']}'"
                      }
                    }
                  }
                }
              },
              "expression": {
                "equals": [
                  "@length(outputs('Get_old_library')?['body/value'])",
                  1
                ]
              },
              "metadata": {
                "operationMetadataId": "dbdbe891-7cf9-41eb-9ce1-8865d0933158"
              },
              "type": "If"
            }
          },
          "runAfter": {
            "Get_new_library": [
              "Succeeded"
            ]
          },
          "else": {
            "actions": {
              "Terminate": {
                "runAfter": {},
                "metadata": {
                  "operationMetadataId": "19d8b11d-aa95-4ec9-99df-0b4c24d79b18"
                },
                "type": "Terminate",
                "inputs": {
                  "runStatus": "Failed",
                  "runError": {
                    "message": "Cannot find a unique library with name '@{triggerBody()['dst_library_name']}'"
                  }
                }
              }
            }
          },
          "expression": {
            "equals": [
              "@length(outputs('Get_new_library')?['body/value'])",
              1
            ]
          },
          "metadata": {
            "operationMetadataId": "ca303d97-594a-4288-8c09-bfd54f968d33"
          },
          "type": "If"
        }
      }
    },
    "templateName": ""
  },
  "schemaVersion": "1.0.0.0"
}